[{"id":"user-image-image_86.png","publicUrl":"np://user.desktop.nicepage.com/Site_78161024/images/image_86.png","size":86777,"hash":"m2qT5fhhMu/4+YWPbmYS3zwlf/s=","fileName":"image_86.png","name":"image_86","width":2000,"height":1562,"thumbnail":{"url":"np://user.desktop.nicepage.com/Site_78161024/images/thumbnails/image_86.png","width":250,"height":195},"folderId":null,"usages":["1434101973"]},{"id":"user-image-dalacode.jpg","publicUrl":"np://user.desktop.nicepage.com/Site_78161024/images/dalacode.jpg","size":11867,"hash":"Vy4QaVhZwZTf2OYtU87GPX2jC44=","fileName":"dalacode.jpg","name":"dalacode","width":500,"height":500,"thumbnail":{"url":"np://user.desktop.nicepage.com/Site_78161024/images/thumbnails/dalacode.jpg","width":250,"height":250},"folderId":null,"usages":["1434101973"]},{"id":"user-image-be49cf71-7ac1-8c6d-3cc3-c3fcd41b0a86.jpg","publicUrl":"np://user.desktop.nicepage.com/Site_78161024/images/be49cf71-7ac1-8c6d-3cc3-c3fcd41b0a86.jpg","size":90476,"hash":"Bd6RQNYoB2KPZ1VVT8lnu26DgzM=","fileName":"be49cf71-7ac1-8c6d-3cc3-c3fcd41b0a86.jpg","name":"be49cf71-7ac1-8c6d-3cc3-c3fcd41b0a86","width":1280,"height":720,"thumbnail":{"url":"np://user.desktop.nicepage.com/Site_78161024/images/thumbnails/be49cf71-7ac1-8c6d-3cc3-c3fcd41b0a86.jpg","width":250,"height":141},"folderId":null,"usages":["1434101973"]},{"id":"user-image-55.jpg","publicUrl":"np://user.desktop.nicepage.com/Site_78161024/images/55.jpg","size":598589,"hash":"2dhS9tBpliuwrCyilG96eFlQQtc=","fileName":"55.jpg","name":"55","width":1600,"height":1067,"thumbnail":{"url":"np://user.desktop.nicepage.com/Site_78161024/images/thumbnails/55.jpg","width":250,"height":167},"folderId":null,"usages":["1434101973"]},{"id":"user-image-images.jpg","publicUrl":"np://user.desktop.nicepage.com/Site_78161024/images/images.jpg","size":752,"hash":"7OyJAu+EeaQNYYZ+JUKS1m6/DR4=","fileName":"images.jpg","name":"images","width":300,"height":168,"thumbnail":{"url":"np://user.desktop.nicepage.com/Site_78161024/images/thumbnails/images.jpg","width":250,"height":140},"folderId":null,"usages":["1434101973"]},{"id":"user-image-YKyoBDbji9mmA.jpeg","publicUrl":"np://user.desktop.nicepage.com/Site_78161024/images/YKyoBDbji9mmA.jpeg","size":255576,"hash":"p2jupOojWsifh5sG0UrKu16m584=","fileName":"YKyoBDbji9mmA.jpeg","name":"YKyoBDbji9mmA","width":1553,"height":1000,"thumbnail":{"url":"np://user.desktop.nicepage.com/Site_78161024/images/thumbnails/YKyoBDbji9mmA.jpeg","width":250,"height":161},"folderId":null,"usages":["1434101973"]},{"id":"user-image-WhatsApp_Image_2024-12-02_at_12.17.00-removebg-preview.png","publicUrl":"np://user.desktop.nicepage.com/Site_78161024/images/WhatsApp_Image_2024-12-02_at_12.17.00-removebg-preview.png","size":164175,"hash":"i0nC7r45IPg/lzPRelaAeAd0CaI=","fileName":"WhatsApp_Image_2024-12-02_at_12.17.00-removebg-preview.png","name":"WhatsApp_Image_2024-12-02_at_12.17.00-removebg-preview","width":496,"height":503,"thumbnail":{"url":"np://user.desktop.nicepage.com/Site_78161024/images/thumbnails/WhatsApp_Image_2024-12-02_at_12.17.00-removebg-preview.png","width":247,"height":250},"folderId":null,"usages":[]}]