[{"id":455029220,"title":"Blog Template","order":1,"templateKey":"blog","customTemplate":false,"customTemplateFilename":null,"pageLinks":[],"dateCreated":"2025-05-13T07:18:27.507Z","dateUpdated":"2025-05-13T07:18:30.296Z","folderId":null,"pageName":"Blog Template","serverPageId":null,"sectionCount":1,"status":2,"backwardUrl":null},{"id":200629855,"title":"Post Template","order":2,"templateKey":"post","customTemplate":false,"customTemplateFilename":null,"pageLinks":[],"dateCreated":"2025-05-13T07:18:27.787Z","dateUpdated":"2025-05-13T07:18:30.297Z","folderId":null,"pageName":"Post Template","serverPageId":null,"sectionCount":1,"status":2,"backwardUrl":null},{"id":1623718980,"title":"Product List Template","order":3,"templateKey":"products","customTemplate":false,"customTemplateFilename":null,"pageLinks":[],"dateCreated":"2025-05-13T07:18:28.061Z","dateUpdated":"2025-05-13T07:18:30.297Z","folderId":null,"pageName":"Product List Template","serverPageId":null,"sectionCount":1,"status":2,"backwardUrl":null},{"id":2362502363,"title":"Product Details Template","order":4,"templateKey":"product","customTemplate":false,"customTemplateFilename":null,"pageLinks":[],"dateCreated":"2025-05-13T07:18:28.337Z","dateUpdated":"2025-05-13T07:18:30.297Z","folderId":null,"pageName":"Product Details Template","serverPageId":null,"sectionCount":1,"status":2,"backwardUrl":null},{"id":480802940,"title":"Shopping Cart Template","order":5,"templateKey":"cart","customTemplate":false,"customTemplateFilename":null,"pageLinks":[],"dateCreated":"2025-05-13T07:18:28.555Z","dateUpdated":"2025-05-13T07:18:30.298Z","folderId":null,"pageName":"Shopping Cart Template","serverPageId":null,"sectionCount":1,"status":2,"backwardUrl":null},{"id":2177725520,"title":"Checkout Template","order":6,"templateKey":"checkout","customTemplate":false,"customTemplateFilename":null,"pageLinks":[],"dateCreated":"2025-05-13T07:18:28.847Z","dateUpdated":"2025-05-13T07:18:30.298Z","folderId":null,"pageName":"Checkout Template","serverPageId":null,"sectionCount":1,"status":2,"backwardUrl":null},{"id":22959478,"title":"Login Template","order":7,"templateKey":"login","customTemplate":false,"customTemplateFilename":null,"pageLinks":[],"dateCreated":"2025-05-13T07:18:29.046Z","dateUpdated":"2025-05-13T07:18:30.298Z","folderId":null,"pageName":"Login Template","serverPageId":null,"sectionCount":1,"status":2,"backwardUrl":null},{"id":1485724354,"title":"Search Page Template","order":8,"templateKey":"Search","customTemplate":false,"customTemplateFilename":null,"pageLinks":[],"dateCreated":"2025-05-13T07:18:29.185Z","dateUpdated":"2025-05-13T07:18:30.299Z","folderId":null,"pageName":"Search Page Template","serverPageId":null,"sectionCount":1,"status":2,"backwardUrl":null},{"id":175227267,"title":"Page Password Template","order":9,"templateKey":"password","customTemplate":false,"customTemplateFilename":null,"pageLinks":[],"dateCreated":"2025-05-13T07:18:29.336Z","dateUpdated":"2025-05-13T07:18:30.299Z","folderId":null,"pageName":"Page Password Template","serverPageId":null,"sectionCount":1,"status":2,"backwardUrl":null},{"id":2022914048,"title":"404 Not Found Template","order":10,"templateKey":"404","customTemplate":false,"customTemplateFilename":null,"pageLinks":[],"dateCreated":"2025-05-13T07:18:29.456Z","dateUpdated":"2025-05-13T07:18:30.299Z","folderId":null,"pageName":"404 Not Found Template","serverPageId":null,"sectionCount":1,"status":2,"backwardUrl":null},{"id":879630287,"title":"Thank You Page Template","order":11,"templateKey":"ThankYou","customTemplate":false,"customTemplateFilename":null,"pageLinks":[],"dateCreated":"2025-05-13T07:18:29.596Z","dateUpdated":"2025-05-13T07:18:30.299Z","folderId":null,"pageName":"Thank You Page Template","serverPageId":null,"sectionCount":1,"status":2,"backwardUrl":null},{"id":154999631,"title":"Басты бет","order":50,"templateKey":null,"customTemplate":false,"customTemplateFilename":null,"pageLinks":[],"dateCreated":"2025-05-13T07:18:31.124Z","dateUpdated":"2025-05-13T07:19:04.211Z","folderId":null,"pageName":"Басты бет_154999631","serverPageId":null,"sectionCount":1,"status":2,"backwardUrl":null},{"id":19759699,"title":"IT - компаниялар","order":100,"templateKey":null,"customTemplate":false,"customTemplateFilename":null,"pageLinks":[],"dateCreated":"2025-05-13T07:18:29.694Z","dateUpdated":"2025-05-13T07:18:30.299Z","folderId":null,"pageName":"IT - компаниялар_19759699","serverPageId":null,"sectionCount":1,"status":2,"backwardUrl":null},{"id":12220091,"title":"Байланыс","order":101,"templateKey":null,"customTemplate":false,"customTemplateFilename":null,"pageLinks":[],"dateCreated":"2025-05-13T07:18:29.762Z","dateUpdated":"2025-05-13T07:18:30.299Z","folderId":null,"pageName":"Байланыс_12220091","serverPageId":null,"sectionCount":1,"status":2,"backwardUrl":null},{"id":1434101973,"title":"Страница 1","order":102,"templateKey":null,"customTemplate":false,"customTemplateFilename":null,"pageLinks":[],"dateCreated":"2025-05-13T07:19:10.512Z","dateUpdated":"2025-05-13T12:14:44.716Z","folderId":null,"pageName":"Страница 1_1434101973","serverPageId":null,"sectionCount":4,"status":2,"backwardUrl":null}]